original_class,passage,index,predicted_class
world,Minister stubs out smoke policy: THE Government #39;s plans for a partial ban on smoking in public places seems to have fallen far short of what has been proposed by Liverpool City Council.,0,science_technology
science_technology,"US university tells 80,000 to  #39;ditch IE #39;: US university Penn State has advised its 80,000 students to ditch Internet Explorer, citing that browser #39;s well-reported security vulnerabilities.",1,science_technology
world,SLAIN FILMAKER: Dutch directory made films that questioned Islam: A Dutch filmmaker who outraged members of the Muslim community with his works #39; attacks on the treatment of women in Islamic society was gunned down and stabbed to death on an Amsterdam street Tuesday morning.,2,world
business,"Strike threat to Christmas post: A union warns of ""very serious problems over Christmas"" if its members vote to strike in a row over pay.",3,business
sports,"Miller routs rivals for sixth win: Bode Miller added another triumph to his sparkling season on Monday, claiming his sixth World Cup win of the campaign in a slalom and a new entry in the record books.",4,sports
business,"CPS cites worker burden in continued abuse: Texas children remain in life-threatening situations and are continually abused because child protective workers are inundated with excessive caseloads, an investigative report released Friday concludes.",5,business
world,"69 Dead in Japan Typhoon as Hopes Fade for Missing:  TOKYO (Reuters) - As the death toll rose from Japan's  deadliest typhoon in two decades, experts warned on Friday that  climate change could bring a stormier future.",6,world
business,"UPDATE 1-Fannie Mae whistle-blower won #39;t testify: A former Fannie Mae (FNM.N: Quote, Profile, Research) employee who gave US regulators information about alleged accounting irregularities will not testify as planned before a congressional hearing next week, the committee ",7,business
world,"Sharon deal to ease pullout from Gaza: ISRAELS opposition Labour Party last night clinched a deal with Ariel Sharons Likud Party to join his coalition, a move that could ease the planned withdrawal from Gaza.",8,world
business,"Carnival sails to higher 3Q profit: Carnival Corp., the world #39;s biggest cruise group, said Friday its quarterly earnings rose sharply, citing the merger with P amp;O Princess Cruises last year.",9,business
world,"Review Finds Fla. Counties Voted for Bush (AP): AP - A newspaper's review of ballots cast in three north Florida counties where registered Democrats heavily outnumber Republicans showed just what officials reported: The counties' voters did on Election Day as they often do, voting for a Republican for president.",10,world
business,"Mylan's ""Three-Ring Circus"": Icahn is involved in the Mylan-King Pharmaceuticals deal for his benefit only.",11,business
sports,"Olympics Wrap: Another Doping Controversy Surfaces:  ATHENS (Reuters) - Olympic chiefs ordered Hungarian hammer  gold medallist Adrian Annus Friday to submit another doping  sample or risk losing his medal, while another of his  compatriots was stripped of a medal for failing a test.",12,sports
world,"Stocks Mixed As Oil Prices Remain Higher: NEW YORK - Stocks were narrowly mixed Tuesday as oil prices remained higher and Wall Street weighed a lackluster report on retail sales, but light volume showed that many investors remained on the sidelines.    With Hurricane Ivan threatening oil rigs in the Gulf of Mexico, crude futures moved higher for the second straight day, but the possibility of an increase in output from OPEC took the edge off investors' concerns...",13,world
science_technology,"Mass. Firm Offers Lifetime Phone Service for \$999:  WASHINGTON (Reuters) - For customers who either love to  plan ahead or hate monthly bills, a small Massachusetts  telecommunications firm has launched a \$999 offer of unlimited  Internet-based telephone service for life.",14,science_technology
science_technology,"Mobile Phones Increase Tumor Risk - Swedish Study (Reuters): Reuters - Ten or more years of mobile phone use\increases the risk of developing acoustic neuroma, a benign\tumor on the auditory nerve, according to a study released on\Wednesday by Sweden's Karolinska Institute.",15,science_technology
business,"Weak US dollar could hurt growth, slow rate increases by central &lt;b&gt;...&lt;/b&gt;: OTTAWA (CP) - Sustained weakness in the US dollar will dampen American demand for Canadian products at the same time the global economy also appears to be slowing, Bank of Canada Governor David Dodge warned Wednesday.",16,business
science_technology,"Browsing at Google: Now that Google #39;s (Nasdaq: GOOG) IPO has come and gone, with differing opinions of the relative success of the Dutch auction model, it #39;s been relatively quiet over at the search engine #39;s Mountain View, Calif.",17,business
world,Qanooni says he will accept Afghan vote result: KABUL (AFP) - Incumbent leader Hamid Karzai #39;s chief rival Yunus Qanooni told AFP he would accept the outcome of Afghanistan #39;s presidential election despite his allegations of fraud.,18,world
science_technology,"Macromedia launches Flex Builder: Macromedia this week will ship Flex Builder, which is designed to provide an interactive development environment for the companys Flex presentation server.",19,science_technology
sports,"Chelsea Beats Fulham 4-1 to Retain Premiership Lead (Update1): Chelsea won 4-1 at Fulham in English soccer #39;s Premiership to retain its two-point lead at the top of the standings over Arsenal, which beat north London rival Tottenham 5-4.",20,sports
sports,"One game of true passion on a night of fakes: With the stirring exception of Liverpool versus Olympiakos, where both sides fought to exhaustion to try to qualify for the second round, the last set of matches in the group stage was another night of shameful collusion in the Champions League - another ",21,sports
business,Would You Pay for Airline Food?: Alaska Airlines plans to test a pay-to-eat plan on some flights in a move to cut costs.,22,business
world,"Russia #39;s grim return to reality: Children were arriving at the school on Bakhrushina Street in central Moscow: small girls with oversize ribbons festooning their hair, small boys, fidgety and chattering, dwarfed by large satchels.",23,world
business,"UPDATE 1-Wal-Mart sets \$10 billion share repurchase plan: Wal-Mart Stores Inc. (WMT.N: Quote, Profile, Research) , the world #39;s top retailer, on Wednesday said its board of directors authorized a \$10 billion stock repurchase plan, replacing a \$7 billion share buyback program.",24,business
sports,"Dolphins LB Thomas Out for Sunday #39;s Game: DAVIE, Fla. (Sports Network) - Miami Dolphins linebacker Zach Thomas will miss Sunday #39;s game against the Buffalo Bills with a hamstring injury.",25,sports
science_technology,"Tech groups push for R D credit, Internet tax ban:  Technology lobbying groups are stepping up their push for lawmakers to pass several pieces of legislation.",26,science_technology
sports,"Don #39;t blame Manuel, yet: You walk around feeling like your team is messing this up, that they #39;re doing it wrong, that the Phillies are doomed to unending futility - even when they do something right.",27,sports
science_technology,Idaho Residents Seek Compensation for Nuclear Tests (Reuters): Reuters - Dozens of Idaho residents who\claim nuclear tests conducted during the 1950s made them sick\asked a panel of scientists on Saturday to recommend that the\U.S. government compensate them.,28,science_technology
world,"Three ministers face the boot amid fears of a Zanu PF rift: As the Zanu PF story takes new twists and political intrigue continues, three Cabinet ministers and a provincial governor face the sack for their role in the much-publicised Tsholotsho Declaration.",29,world
business,"Coke, EU Strike Deal, End Antitrust Probe: The Coca-Cola Co. (KO.N: Quote, Profile, Research) reached an agreement with the European Commission on Tuesday to settle a five-year antitrust case that ",30,business
business,"United Airlines Likely to Terminate Pension Plans: nited Airlines said today that it was likely to terminate and replace its four employee pension plans with less-generous benefits, a drastic move that the airline said was necessary to attract the financing that would allow it to ...",31,business
world,Arafat #39;s death opens door for peace: Yasser Arafat #39;s death opens a window of opportunity. The Palestinian leader who loomed so large for so many years - and who had recently been rejected as a partner by Israel ,32,world
science_technology,"Intel backs away from TV chips: Intel Corp. is scrapping plans to enter the digital television chip business, marking a retreat from a major component of its consumer electronics initiative.",33,science_technology
science_technology,"Google woos Froogle UK shoppers: Search giant Google has launched a beta of the UK version of its shopping search technology, Froogle. The site looks like its Google parent in design with the addition of links to recent popular product searches on the home page.",34,science_technology
science_technology,"Livewire: Beep! Beep! Ultra-Fast Broadband Is Here:  LONDON (Reuters) - For Rainer Kinnunen, life has been a bit  of a blur since he signed up for a superhigh-speed Internet  service three years ago.",35,science_technology
science_technology,"Sun Unveils Free Solaris: Sun Microsystems Inc. today is expected to unveil the much-awaited free version of its Operating System, Solaris 10, which the company is betting on to help neutralize the open-source threat and increase profitability.",36,science_technology
business,"J.P. Morgan Chase Profit Falls 13 Percent:  NEW YORK (Reuters) - J.P. Morgan Chase   Co. &lt;A HREF=""http://www.investor.reuters.com/FullQuote.aspx?ticker=JPM.N target=/stocks/quickinfo/fullquote""&gt;JPM.N&lt;/A&gt; posted  lower third-quarter earnings on Wednesday, missing analyst  expectations, as costs from its July merger with Bank One Corp.  and anemic fixed-income trading revenue hurt profits.",37,business
business,"Microsoft seeks to suspend EU order : LUXEMBOURG -- Microsoft Corp. told a European Union court yesterday that it would suffer irreparable harm if forced to reveal more of its software code to rivals, while the EU said such information was crucial to keep competitors alive.",38,business
sports,"Free-Agent Crop Continues to Grow: For the second straight year, more than 200 players have filed for free agency, which would have suited former Oakland A's owner Charlie Finley just fine.",39,sports
world,"ElBaradei Says Unclear if Iran Nuke Plans Peaceful:  VIENNA (Reuters) - It is unclear if Iran's nuclear  ambitions are entirely peaceful, but there is still no firm  evidence that Tehran is secretly developing atomic weapons as  Washington asserts, the U.N. nuclear watchdog said Tuesday.",40,world
science_technology,"Ex-Veritas CTO loads up on shares (SiliconValley.com): SiliconValley.com - Recently departed Veritas Software Chief Technology Officer Fred van den Bosch has added to his holdings in the Mountain View company's stock, at least for now.",41,science_technology
world,Congo prepares to retake Kilwa: A town in the mineral rich Katanga region of the Democratic Republic of Congo has fallen to a mysterious group of militants. Going by the name of the Liberation Movement for ,42,world
science_technology,"Trade Deficit Soars; Jobless Claims Rise (AP): AP - The trade deficit jumped to the second-highest level in history as surging demand for foreign oil swamped a small gain in U.S. exports, the government reported Thursday. America's trade gap with China hit an all-time high as retailers stocked up on cell phones, toys and televisions in preparation for Christmas sales.",43,business
science_technology,Subscription-Style Software Licenses Continue Upward Trend (TechWeb): TechWeb - Merrill Lynch's On-Demand Index shows a slight increase in subscription and hosted software in the second quarter.,44,science_technology
science_technology,"Ellison: Oracle may cut its PeopleSoft bid: NEW YORK - Soon after an Oracle Corp. director said Oracle's current \$21 per share offer for control of PeopleSoft Inc. may not be its final bid, Oracle Chief Executive Officer (CEO) Larry Ellison countered that the company is as likely to lower its bid as to raise it.",45,business
science_technology,"SugarCRM sweetens new open-source CRM product: SEPTEMBER 08, 2004 (COMPUTERWORLD) - Open-source software start-up SugarCRM Inc. will release the first commercial enterprise version of its Linux-based open-source CRM application tomorrow, starting at \$149 per seat for the first year.",46,science_technology
science_technology,Australia Music Industry Decries Kazaa: Lawyers for Australia #39;s recording industry branded the popular Kazaa file-swapping network  quot;an engine of copyright piracy to a degree of magnitude never before seen quot; as they launched a court battle to shut down Kazaa #39;s illegal ,47,science_technology
business,"Avon Lowers U.S. Sales Forecast (Reuters): Reuters - Avon Products Inc.  on Friday\posted a 33 percent increase in third-quarter profit, but\continued concerns over weakness in the United states pushed\the stock 7 percent lower.",48,business
business,"Update 1: Philippine Shares End Higher: The 30-company Philippine Stock Exchange Index ended up 16.90 points, or 1.1 percent, at 1,573.27, after giving up 2.4 percent in the past two sessions, including Wednesday #39;s 0.7 percent loss. ",49,business
science_technology,"Stripped down Longhorn still offers gems: SEPTEMBER 06, 2004 (IDG NEWS SERVICE) - Even though Microsoft Corp. #39;s much-anticipated Longhorn has been stripped of its unified file system and some of its other key Longhorn technologies will be available for Windows XP and Windows Server 2003, the next ",50,science_technology
business,US FCC Aims to Lift Airborne Wireless Phone Ban: Airline travelers might be able to use their mobile phones and other wireless devices in the air under a proposal put forward by US communications regulators on Wednesday to ease the current ban.,51,science_technology
business,"Cemex snaps up RMC for 2.3bn: RMC Group, the world #39;s largest maker of ready-mixed concrete, today accepted a 2.3bn takeover bid from Mexico #39;s Cemex, the world #39;s third-largest cement maker.",52,business
science_technology,"Feds Issue Test Copies of E-voting Software: NOVEMBER 01, 2004 (COMPUTERWORLD) - Federal officials last week released a set of software files submitted by five vendors of e-voting systems and voting verification tools, saying that election officials can use the code and related digital signatures to ",53,science_technology
science_technology,"Expedition 9 Crew Returns to Earth: NASA -- International Space Station Expedition 9 crewmembers, Commander Gennady Padalka and NASA Science Officer Mike Fincke landed on target in the steppes of Kazakhstan at 8:36 pm EDT Saturday after 188 days in space.",54,science_technology
business,"Krispy Kreme Earnings Slide; Change in Strategy Is Planned: Krispy Kreme, which wowed Wall Street with a hot old-economy growth story when it went public, has lost more than two-thirds of its value since it peaked a year ago.",55,business
sports,"Busch sweeps Loudon: No. 19 takes lead in Nextel Cup: Kurt Busch claimed a stake in the points lead in the NASCAR Chase for the Nextel Cup yesterday, winning the Sylvania 300 at New Hampshire International Speedway.",56,sports
business,"UK Regulators Criticize Shell in Settlements (Update1): UK regulators criticized Royal Dutch/Shell Group, Europe #39;s second-largest oil company, for unprecedented misconduct #39; #39; in the overstatement of reserves that led to fines of \$151.",57,business
business,"Fed Officials: No Inflation Alarm Bells:  PHILADELPHIA (Reuters) - The Federal Reserve, while  remaining watchful as prices and interest rates tick higher, is  holding to its mantra that rate increases will be ""measured,""  senior Fed officials indicated on Friday.",58,business
sports,"Singh Wins 84 Classic, Breaks Woods #39; Record: FARMINGTON, Pa. -- Vijay Singh held off Stewart Cink #39;s fast finish to win the 84 Lumber Classic by one shot Sunday and break Tiger Woods #39; one-year PGA Tour money record.",59,sports
world,"Loud Blast Shakes Baghdad, Casualties Feared (Reuters): Reuters - A loud explosion rocked a cafe\frequented by Iraqi police near the Australian embassy in\Baghdad on Sunday, witnesses said.",60,world
sports,Surprise Greek winner in 20km walk: Outsider Athanasia Tsoumeleka snatched the women #39;s Olympic 20km race walk title after a thrilling finish to give hosts Greece their first athletics gold of the Games.,61,sports
business,St. Paul sees storms paring EPS by 45c: Insurer St. Paul Travelers said the three major hurricanes that hit the US east coast in recent months will cut 45 cents from its third-quarter earnings per share.,62,business
world,Australian court convicts drug addict of murdering Stuttle (AFP): AFP - A drug addicted-drifter was found guilty by a Supreme Court jury of murdering a teenage English backpacker by throwing her from a bridge after robbing her of her handbag.,63,world
science_technology,Linux release features Windows support: Release makes use of technology from CodeWeavers to let customers run applications from Microsoft.,64,science_technology
world,"Israeli Copter Strike Kills Palestinian: An Israeli helicopter fired two missiles toward a crowd of Palestinians on the outskirts of a refugee camp early Saturday, killing a 55-year-old man and wounding five people, all civilians, hospital officials said.",65,world
business,"Shrek creator makes dream debut: Spurred on by a large, green ogre, buoyed by a school of wise-cracking fish and with a podgy superhero helping its cause, DreamWorks Animation yesterday saw its share price rise by 41 on its first day of trading.",66,business
science_technology,"Paris city authority hedges bets on Linux move: PARIS -- The city of Paris intends to reduce its dependence on software suppliers with ""de facto monopolies,"" but considers an immediate switch of its 17,000 desktops to open source software too costly, it said Wednesday.",67,science_technology
business,"PSA buys key stake in Hong Kong port operator: Singaporess PSA gained a much-sought foothhold in Hong Kong with an agreement to buy a stake in Asia Container Terminals, a port operator in the worlds busiest container hub, from Sun Hung Kai Properties.",68,business
business,"Sears and Kmart in \$11bn merger: Wall Street analysts were sent reeling by the surprise \$11 billion (6bn) merger of retailers Sears Roebuck and Kmart. The deal, which was unanimously approved by both companies ",69,business
business,"Away on Business: Islands of Refuge:  CHICAGO (Reuters) - Today's highly stressed business  travelers may need islands of respite to restore the spirit and  calm the tensions that build with security checks, crowded  flights and navigating a car in unfamiliar territory.",70,business
world,ADB grants 200 million dollars for Philippines health sector (AFP): AFP - The Asian Development Bank (ADB) said it has approved two loans totalling 213 million dollars to improve the health sector in the Philippines.,71,world
science_technology,Feds Kick Off HDTV Consumer Campaign: By JENNIFER C. KERR    WASHINGTON (AP) -- It's one of the biggest technical changes in television since color TV: the digital transition...,72,science_technology
world,"Peace Prize a well-deserved honour: Sometimes what at first seems like a minor change can actually signal major shift in understanding. Last week, Kenyan deputy environment minister Wangari Maathai won the Nobel Peace Prize - a wonderful achievement for two reasons.",73,world
science_technology,New Google tool searches desktop: Some of the real estate coveted most by the Internet giants isn #39;t on the Internet at all. It #39;s on your computer hard drive.,74,science_technology
world,World waits and prays as family makes appeal to kidnappers: THEY have been riven with terror as the world watches the plight of Ken Bigley. But yesterday his family came together to reach out to his captors with emotional pleas for mercy.,75,world
science_technology,New: Tellabs to lower Advanced Fibre price: NAPERVILLE - Tellabs Inc. plans to lower its price for Advanced Fibre Communications Inc. to \$1.5 billion from the \$1.9 billion announced May 20.,76,business
world,No Deal on Ending Baghdad Clashes-Senior Sadr Aide:  BAGHDAD (Reuters) - The chief spokesman for rebel Iraqi  cleric Moqtada al-Sadr said on Wednesday no deal had been  agreed with Iraq's government to end fighting in Baghdad's  Shi'ite slum district of Sadr City.,77,world
business,"US stocks end higher; Dow snaps 5-week winning streak: NEW YORK (CBS.MW) -- US stocks ended higher Friday, buoyed by a raft of positive corporate news, including a raised earnings outlook from Ford, but a near 4 percent rise in crude-oil prices kept a lid on gains.",78,business
business,"Stocks Down, Starbucks, Techs Fall:  NEW YORK (Reuters) - U.S. stocks were slightly lower on  Thursday, as a broker downgrade on the semiconductor industry  rattled investors, while coffee-shop chain Starbucks &lt;A HREF=""http://www.investor.reuters.com/FullQuote.aspx?ticker=SBUX.O target=/stocks/quickinfo/fullquote""&gt;SBUX.O&lt;/A&gt;  disappointed with slowing growth.",79,business
business,"Schroeder Seeks More Budget Leeway, Says Euro Gains Worrying #39;: German Chancellor Gerhard Schroeder, saying the euro #39;s gains against the dollar are worrying, #39; #39; called for changes to European Union budget rules to give governments more leeway on spending.",80,business
science_technology,Macs under attack ... kind of: PETALING JAYA: Sophos Plc is urging Mac OS X administrators to arm themselves against an  quot;anti-security quot; worm known as  quot;Renepo.,81,science_technology
world,Family  #39;Devastated #39; by Woman Soldier #39;s Iraq Death: The brother of the first British female soldier to die in Iraq since the war began said today her family were trying to come to terms with her death.,82,world
science_technology,"Google Unfolds 3D Mapping Acquisition: Augmenting its technology assets and pushing into subscription services, Google (Quote, Chart) announced today that it has acquired digital mapping specialist Keyhole for an undisclosed sum.",83,science_technology
sports,"Pavano tagged for five runs, 12 hits in defeat: com. The Cubs dealt the Marlins #39; playoff hopes a severe blow with a convincing 5-1 victory in the first game of a doubleheader Monday afternoon at Pro Player Stadium.",84,sports
business,Telstra shares up on Ziggy #39;s exit: Shares in Telstra rose slightly following the news chief executive Ziggy Switkowski would step down - but the focus remains on who will step up to take the job.,85,business
world,"Ofek-6 failure considered major setback for Israeli intelligence &lt;b&gt;...&lt;/b&gt;: By israelinsider staff September 7, 2004. The loss yesterday of the Ofek-6 spy satellite, due to a malfunction in its Shavit rocket launcher, is expected to delay Israel #39;s plans for more sophisticated surveillance ",86,science_technology
science_technology,"Self-Destructing DVDS to Reach More People (AP): AP - The Christmas-themed movie ""Noel"" most likely won't be coming to a theater near you  #151; but if you miss it on cable, there's always the self-destructing DVD.",87,science_technology
business,"Interstate Bakeries Files for Bankruptcy:  NEW YORK (Reuters) - Interstate Bakeries Corp. &lt;A HREF=""http://www.investor.reuters.com/FullQuote.aspx?ticker=IBC.N target=/stocks/quickinfo/fullquote""&gt;IBC.N&lt;/A&gt;,  maker of Hostess Twinkies and Wonder Bread, filed for  bankruptcy on Wednesday after struggling with more than \$1.3  billion in debt and high costs.",88,business
world,Iraqi wins court battle over death in British jail: THE family of an Iraqi civilian who was beaten to death allegedly by British soldiers while in their custody won a landmark case in the High Court yesterday that will have ,89,world
science_technology,Pesticide study using children as test subjects postponed: WASHINGTON Ethical concerns have prompted the government to postpone a study of how children #39;s bodies absorb pesticides and other chemicals.,90,science_technology
sports,"Colts don #39;t follow Dungy plan: Not allowing a 12-yard sack on third down with less than a minute to play, turning a potential game-tying 36-yard field goal into a 48-yarder.",91,sports
sports,"Lewis Waits For His Rival: NEW YORK: Lennox Lewis was the main topic here when it was announced that Vitali Klitschko, the World Boxing Council No. 1 heavyweight contender, will fight Kirk Johnson over 12 rounds at Madison Square Garden on December 6.",92,sports
sports,A New Dance Partner: Miami - Shaquille O #39;Neal looked up from his chair and locked eyes with Dwyane Wade as Wade interrupted O #39;Neal #39;s audience with the assembled news media.,93,sports
sports,UPDATE 1-TV executive Barwick wins top job at English FA: Television executive Brian Barwick was given the top job in English football on Thursday when he was appointed Football Association chief executive.,94,sports
sports,"Lots of Points for Top-Tier NFL Teams (AP): AP - Points were in abundance for some of the NFL's top teams, even in road games.",95,sports
science_technology,"Philippine telcos lead world in texting profits (AFP): AFP - Philippine carriers Smart Communications and Globe Telecom lead telcos worldwide in reaping revenues from cellular data transfers, according to a report in Business World.",96,science_technology
world,"Former US Ambassador to Israel Dennis Ross Shares Experiences at &lt;b&gt;...&lt;/b&gt;: Dennis Ross, the former US ambassador to Israel, joined Washington, DC, area students at The George Washington University last week to talk about his experiences in Israel and dispel myths about the Middle East.",97,world
world,"Iraqi militant group beheads  quot;collaborator quot;: website: A militant group in Iraq, the Armyof Ansar al-Sunna, said in a statement on its website on Saturdayit beheaded an Iraqi man it accused of collaborating with USforces.",98,world
science_technology,"Chartered to Manufacture AMD64 Processors in 2006: AMD64 is a new computing platform that extends the ubiquitous x86 architecture to accommodate 64-bit processing. Formerly known as x86-64, AMDs enhancements to the x86 architecture allow users of laptops ",99,science_technology
science_technology,"Web Site Helps Compare Gasoline Prices (AP): AP - Hate it when you fill 'er up and, five minutes later, spot another station selling gas for a nickel a gallon cheaper?",100,science_technology
science_technology,"Macworld Boston moves to new venue (MacCentral): MacCentral - Framingham, Mass.-based IDG World Expo on Friday announced that Macworld Boston, which returned to Massachusetts last year, would be leaving the new Boston Convention  amp; Exhibition Center (BCEC) in favor of the Hynes Convention Center for the 2005 summer show. Show organizers cite venue size as the main reason for moving the event.",101,science_technology
science_technology,"Arrival! SMART-1 Moon Probe Reaches Target (SPACE.com): SPACE.com - UPDATE: Story first posted 6:49 a.m. ET, November 16, \2004",102,science_technology
world,"Two Palestinians killed in Gaza: Israeli troops shoot two Palestinians who entered a closed military area in Gaza, near the Israeli border.",103,world
science_technology,"New  #39;Skulls #39; Mutant Releases Cabir Virus on Phones: Anti-virus vendors have spotted a new strain of the  quot;Skulls quot; Trojan sneaking into Symbian-based cell phones, and this one drops the Cabir worm on the devices.",104,science_technology
sports,"Schilling to be examined Saturday: BOSTON -- Surgery on Curt Schilling #39;s right ankle is now scheduled for Tuesday, assuming all goes well Saturday when the doctors involved are to examine the Red Sox right-hander.",105,sports
sports,"Manning Decent in Debut but Giants Lose (AP): AP - Although the spotlight was on Eli Manning, Jake Delhomme shone the brightest.",106,sports
science_technology,"AOL to let nonsubscribers in: In a move both risky and essential, AOL is abandoning its strategy of exclusivity and will free much of its music, sports and other programming to nonsubscribers in hopes of increasing ad sales.",107,science_technology
world,Russia Agrees to Write Off Iraqi Debt to Paris Club: Russia agreed on Sunday to forgive up to 80 percent of Iraqs debts to the Paris Club (about \$33 billion). A US Treasury official quoted by Reuters said they received this information from Russia.,108,world
sports,"Weingartner, Washington fall in Seoul: Seoul, Korea (Sports Network) - Third-seeded German Marlene Weingartner and fourth-seeded American Mashona Washington were a pair of opening-round upset victims Monday at the inaugural Korea Open Tennis Championships.",109,sports
sports,FANS WANT TRINIDAD- HOPKINS II: IT took just eight explo- sive rounds for Felix  quot;Tito quot; Trinidad to put himself back atop boxing #39;s mantle of greatness.,110,sports
world,"Somalia inaugurates transitional gov #39;t: Somalia inaugurated a transitional parliament Sunday, taking an important first step toward forming a new government for the devastated country even as rivalries continue ",111,world
business,"Bank customers to lose 'float' time: Horace Small knows it's a bad idea to write checks without enough money in the bank to cover them. But with property taxes and car insurance making huge dents in his income, the neighborhood organizer occasionally relies on the  quot;float quot; -- the two or three days it takes for checks to clear -- to juggle all of his payments.",112,business
science_technology,More uses planned for the  quot;Cell quot; processor: We recently reported on Cell processor details that were unveiled to the public. This time around Sony and partners IBM and Toshiba made clear in a joint statement ,113,science_technology
business,"For Boston Scientific, a potential threat: Boston Scientific Corp. could face tougher competition in markets for cardiac products if talks between two of its largest competitors lead to a merger, analysts and investors said.",114,business
sports,Rulon #39;s Retirement the End of an Era: You #39;ve surely heard by now that Wyoming wrestler Rulon Gardner is bringing home another Olympic medal. This time it #39;s a bronze.,115,sports
science_technology,"Search Spotlight Pans to Video: After years of taking a back seat to easier-to-crawl HTML pages, multimedia files are beginning to gain respect among search engines.",116,science_technology
sports,"Ronaldinho #39;s genius signals a power shift: Ronaldinho was so in the groove before kick-off that he actually danced in the tunnel. Barcelona #39;s catalyst did not just flick out a leg, so loosening limbs for imminent exertion against Real Madrid.",117,sports
science_technology,"Gateway PC Delivers New Motherboard Standard: Gateway #39;s new 700GR desktop PC, based on a new chassis design that focuses on helping cool high-end processors and graphics cards, will be available this weekend at US retail stores.",118,science_technology
science_technology,"Microsoft to Create Security Suite?: Microsoft announced today that it had bought New York software company Giant Company Software, which produces a robust anti-spyware tool.",119,science_technology
sports,"Illinois Proves Rank: Sporting their brand-new No. 1 ranking, Illinois reigns 14 three-pointers on Chicago State as the Illini cruise to a 78-59 triumph on Monday night.",120,sports
business,"Northwest Airlines, pilots reach tentative deal on wage &lt;b&gt;...&lt;/b&gt;: MINNEAPOLIS Northwest Airlines has won tentative concessions worth 265 (m) million dollars annually from pilots -- a major first step toward its goal of slashing labor costs by 950 (M) million dollars.",121,business
sports,"Patel, Pathan defy Australia: Bangalore - Parthiv Patel and Irfan Pathan put on 60 for the seventh wicket to prop up India on the third morning of the first Test against Australia here on Friday.",122,sports
science_technology,"AOL adds anti-spam features to version 9.0: AOL will be adding a host of new features designed to combat spam, virii and spyware to version 9.0 of its browser. The package, known as  #39;AOL 9.0 Security Edition #39; is a free download which was available from Thursday.",123,science_technology
sports,"Liverpool keep dream alive: Running on pure adrenalin, attacking in relentless red waves towards a beseeching Kop, Liverpool fought back magnificently against the dying of their Champions League light last ",124,sports
business,"GM to cut 12,000 jobs in Europe: US car giant General Motors says it is to shed 12,000 jobs in Europe, with Germany bearing the brunt of the losses.",125,business
business,"Cingular works to certify Audiovox smart phone for its network: Cingular Wireless LLC is testing Audiovox #39;s Windows Mobile smart phone for use on its network, a move indicative of the complications surrounding the carrier #39;s combination with AT amp;T Wireless Services Inc.",126,science_technology
business,Jaguar Gets Low Crash Test Score: The 2004 Jaguar X-Type got the worst rating of any midsize sedan in side-impact crash tests conducted by the insurance industry.,127,business
world,"Palestinians say US destroys hope over settlements: RAMALLAH: Palestinians yesterday accused the United States of destroying hopes of negotiations with Israel for a Palestinian state, after the US signalled it could accept some growth of settlements in the West Bank.",128,world
sports,Ichiro Ties Sisler's Season Hits Record (AP): AP - Ichiro Suzuki tied the 84-year-old major league record for hits in a season with No. 257 when he chopped a leadoff single to left field Friday night.,129,sports
sports,"No. 1 Illini Cruise to 78-59 Win: The University of Illinois took the Assembly Hall court on Monday night with a number one ranking in the ESPN / USA Today Coaches and AP Polls for the first time since January 23, 1989.",130,sports
business,"2nd UPDATE: HK Govt Land Sale Sets Post- #39;97 Price Record: HONG KONG (Dow Jones)--A post-1997 price record was set Tuesday at a Hong Kong government land sale, reflecting the bullish outlook of property developers for the residential market after several lean years.",131,business
business,Slip a Geek Book Under the Tree: Tech gifts needn't be electronic. Geeks and non-geeks alike can enjoy the old-fashioned pleasure of curling up by the fire with a good read. Michelle Delio reviews a passel of new books just in time for the holiday season.,132,science_technology
science_technology,"On Mars, no life yet, but plenty blue screens of death: Evidence from busy rovers suggests one-time presence of water, but system reboots almost dried up the sea of data.",133,science_technology
business,"Google IPO: Type in 'confusing,' 'secrecy': I've submitted my bid to buy shares of Google Inc. in the computer search company's giant auction-style initial public offering. That could turn out to be the good news or the bad news.",134,business
world,"Oil prices threaten fresh record: Opec's president says oil supply is adequate as the price of US light, crude comes within 4 cents of its all-time record.",135,business
science_technology,South Africa to Take Pulse of Its Environment (Reuters): Reuters - They may share a\border but South Africa's Kruger National Park and the copper\mines around the town of Phalaborwa are worlds apart.,136,science_technology
world,Death toll rises to 63 in Shaanxi coalmine explosion: At least 63 miners have been killed in the Chenjiashan coal mine gas explosion in Northwest China #39;s Shaanxi Province and more than 100 miners remained trapped underground.,137,world
science_technology,"Sun: MS truce clears way to open source Solaris: &lt;strong&gt;LinuxWorld&lt;/strong&gt; If that's selling out, we want to sell out more often",138,science_technology
science_technology,"Technology ; Mozilla #39;s Firefox renews browser war: Technology News, A new front has been opened in the long-dormant browser war, with an open-source program called Firefox aiming to challenge Microsoft #39;s dominant Internet Explorer.",139,science_technology
world,Confusion over visa for Dalai Lama visit: MOSCOW: A spokesman for the Tibetan exile government in India said yesterday that Russia has issued the Dalai Lama a visa to visit Buddhists in its Kalmykia region and that he could make the trip as early as tomorrow.,140,world
business,"Five convicted, one acquitted in conspiracy, fraud trial: HOUSTON Jurors stung a bit of Wall Street by convicting four former Merrill Lynch and Company executives and a former midlevel Enron finance executive of conspiracy and fraud.",141,business
business,"Chips are down in china merger: TROUBLED china maker Royal Doulton has revealed that it has held talks about a takeover by rival Waterford Wedgwood. Stoke-based Doulton, which said in March that it would close its last UK factory in the ",142,business
world,House Backs Bush on Mexican ID Cards (Reuters): Reuters - The U.S. House of Representatives on\Tuesday voted to support a Bush administration plan to allow\the use of Mexican identification cards to open U.S. bank\accounts.,143,world
sports,"Astros #39; leads slip away: Houston - Forty-two years of postseason futility for his hometown team rested in the strong right hand of Roger Clemens. A 5-2 lead, Atlanta #39;s 15- game winner in the showers, a future Hall of Famer on the mound and a 19-game home win streak.",144,sports
world,"Buddhist chief beheaded in revenge for Muslim deaths: A Buddhist village chief was beheaded in Thailand #39;s Narathiwat province yesterday in an apparent revenge killing, a week after 78 Muslim protesters were crushed to death en route to a military detention centre.",145,world
science_technology,"I.B.M. Settles Part of Pension Lawsuit: I.B.M. said that it was in talks to settle a lawsuit contending that a pension plan adopted by the company discriminated against 140,000 older workers.",146,business
world,"Post-Arafat Gaza Sees Turmoil: GAZA CITY, Gaza Strip - The air above the Gaza Strip was humid and motionless Saturday, free of the throat-burning black smoke from flaming tires that mourners had lit in sadness and anger at the death this week of Yasser Arafat.",147,world
science_technology,"Conservation Group Urges Gov't Cooperation (AP): AP - Scientists and officials strengthened efforts to forestall the extinction of thousands of species and protect the world's habitats in talks in Bangkok, but governments need to work harder to promote conservation, an international environment agency said Thursday.",148,science_technology
sports,"SI.com #39;s BJ Schecter breaks down a key Big 12 showdown: The Sooners are difficult to defend because they are so balanced, averaging 242.2 yards rushing and 227.2 yards passing per game. Sixth-year senior quarterback Jason White is like the forgotten Heisman winner ",149,sports
sports,"They'll come out swinging: There's a common determination between the Red Sox and Angels entering today's Game 3 of the best-of-five American League Division Series at Fenway Park, albeit for different reasons.",150,sports
world,"Iran nuclear talks report progress: Progress was reported in Vienna Wednesday on the talks over Iran #39;s nuclear program but details were not available. Negotiators for Britain, Germany and France met with Iranians to discuss the issue, CNN reported.",151,world
business,"Fleet's turn: Back in the days when Fleet Financial was riding high, rolling up the New England banking industry, Michael Zucchini was the man CEO Terry Murray turned to right after he was done with his latest press conference regarding his latest acquisition.",152,business
sports,"Phelps in hot water now: Swimmer Michael Phelps , who won eight medals -- six of them gold -- at last summer's Olympics in Athens, was arrested last Thursday in Salisbury, Md., and charged with drunken driving. A trooper saw the 19-year-old go through a stop sign, state police said yesterday. The trooper saw signs of intoxication and arrested Phelps for driving under the influence. ...",153,sports
business,"S amp;P to Hold Telephone Conference Today on AIG, ACE: Standard  amp; Poor #39;s Ratings Services announced that it will hold a telephone conference call on Monday, November 1st, 2004, at 1:00 PM US Eastern Time.",154,business
world,Musharraf moves to keep army post: A bill to let General  Musharraf stay as both Pakistani president and army chief  goes before parliament.,155,world
sports,Dirrell Boosts American Title Hopes in Boxing: Middleweight Andre Dirrell boosted the United States #39; slim hopes of winning an Olympic boxing title by booking a place in the semi-finals with a narrow victory over Cuba #39;s Yordani Despaigne Wednesday.,156,sports
sports,"Walsh in charge for Masconomet: Myles Walsh stole the spolight in what is normally hailed as the Drew Carey show in Masconomet, as the Chieftains claimed a 28-7 victory over visiting Newburyport (1-5).",157,sports
business,UAL Slashes Salaries: United Airlines parent UAL (UALAQ:OTC BB - news - research) set plans to cut nonunion workers #39; pay as part of an effort to slash costs and emerge from bankruptcy protection.,158,business
science_technology,"Briefly: Siebel moves toward self-repairing software: roundup Plus: Monster says it could enter Japan by mid-2005...Novell to release Open Enterprise Server...Blizzard wins online game suit...CA adds utility-like mainframe pricing, expects.",159,science_technology
science_technology,Sun releases Solaris-based desktop software: Java Desktop System version 2 sneaks onto the market only two months ahead of version 3's due date.,160,science_technology
science_technology,"Chinese satellite part hits house: A section of a Chinese scientific satellite that was returning from orbit crashed into an apartment building, wrecking the top floor but causing no injuries, a newspaper said Sunday.",161,science_technology
science_technology,"St. Helens continues to build lava dome: Mount St. Helens continued the slow process of building a new lava dome in its crater yesterday with still more lava pushing to the surface, geologists reported.",162,science_technology
business,"General Electric, Wachovia Poised to Win in US Tax Overhaul: General Electric Co. and Wachovia Corp. stand to gain the most in new legislation to repeal a \$50 billion tax break for US exporters ruled illegal by the World Trade Organization.",163,business
world,"Floods Kill at Least 241 in Haiti: GONAIVES, Haiti Sept. 20, 2004 - Rescuers pulled bodies from floodwaters that raged through parts of Haiti #39;s third-largest city, sweeping people from their homes and forcing survivors to spend the night ",164,world
sports,"Davenport Finds an Open Win Is No Sure Thing: espite a four-tournament victory streak heading into the United States Open, Lindsay Davenport received a reminder today that her momentum could stop at any time.",165,sports
sports,Button confident of 2005 chances: Jenson Button says he can thrive with BAR in 2005 despite his bitter contract dispute with the Formula One team. Button agreed to join Williams next season but was told he must stay with BAR by the contract recognition board.,166,sports
business,"Enron case focuses on Lay stock sale: HOUSTON, Texas - Federal authorities are investigating whether former Enron Chairman Ken Lay #39;s wife acted improperly when she had their family foundation sell large quantities of Enron stock just days before the company #39;s bankruptcy.",167,business
business,"Hurricanes Boost US Jobless Claims: The number of US workers applying for unemployment aid grew more than expected last week. Thursday #39;s Labor Department report says initial jobless claims grew by 14,000 - to 350,000 - mostly due to the hurricanes ",168,business
world,"Greece in a furor over Macedonia name: A US decision to call Macedonia,  quot;Macedonia, quot; has raised the ire of Greece, which is threatening to keep the country out of the European Union.",169,world
world,"Seven to be charged with terrorism over killing of filmmaker (AFP): AFP - Seven people close to Islamic groups in the Netherlands are to be charged with terrorist-related activities over the murder of filmmaker Theo van Gogh, the Amsterdam public prosecutor revealed.",170,world
sports,"U.S. Dream Team Spanked in Ryder Cup Play (AP): AP - Hal Sutton wanted his best two players to set the tone for the Ryder Cup. Did they ever. Tiger Woods and Phil Mickelson got hammered in the morning and blew it in the afternoon, and the rest of the Americans followed suit Friday as Europe matched the largest first-day lead in Ryder Cup history.",171,sports
world,"Body Resembling Japanese Hostage Found in Iraq:  TOKYO (Reuters) - A body resembling a Japanese hostage has  been found in Iraq and is being shipped to Qatar for  identification, Japanese officials said on Saturday, after  Tokyo refused a demand by his captors to pull out its troops.",172,world
world,"Fifteen years after the fall: On November 9, 1989, jubilant Germans breached the ugly concrete wall that separated East and West Berlin. Soon the Wall began to disappear piece by piece, visible evidence the Cold War was over.",173,world
business,Blair moves from welfare state to opportunity society: Tony Blair will today set out plans for radical reform of the welfare state ahead of a highly critical report on the Government #39;s record on pensions.,174,world
world,Japanese Police Raid Kansai Nuclear Plant: Japanese police have searched a nuclear plant owned by Kansai Electric Power for evidence of any negligence that may have led to a deadly accident there last month.,175,world
world,"Explosives in second Russian jet: Traces of explosive are found in the wreckage of a second crashed airliner, say Russian officials.",176,world
science_technology,"Microsoft examines yet another flaw: Microsoft Corp. is investigating yet another critical flaw in one of its products, this time in two versions of its popular word processing software, Microsoft Word 2000 and Word 2002.",177,science_technology
sports,"Harrington Wins in Germany to End Slump (AP): AP - Padraig Harrington rallied to a three-stroke victory in the German Masters on a windy Sunday, closing with a 2-under-par 70 and giving his game a big boost before the Ryder Cup.",178,sports
business,"Dow Hits Intraday Low 9,803.74 for Year:  NEW YORK (Reuters) - The Dow Jones industrial average fell  to an intraday low for the year on Friday as oil prices surged  to another record and Microsoft Corp. &lt;A HREF=""http://www.investor.reuters.com/FullQuote.aspx?ticker=MSFT.O target=/stocks/quickinfo/fullquote""&gt;MSFT.O&lt;/A&gt; dragged on  stocks after the software maker's revenue forecast lagged  analysts' expectations.",179,business
science_technology,"NASA #39;s Return to Flight on Track, Shuttle Officials Say: NASA (news - web sites) is close to meeting all of the return-to-flight safety requirements set by Columbia accident investigators and should be able to launch a shuttle by May 2005, shuttle program officials said today.",180,science_technology
world,'Revenge' killing in S Thailand: \A second Buddhist man is beheaded in Thailand's south in apparent revenge for the deaths of Muslim protesters.,181,world
science_technology,Nations to discuss what to do after Kyoto treaty: The ice is melting and the heat is on for international delegates assembling in Buenos Aires this week to find new ways to confront global warming under the 194-nation treaty on climate change.,182,science_technology
sports,Aragones in trouble over racist remark: Madrid: Spain coach Luis Aragones landed himself in trouble on Wednesday after appearing to make a racist comment about French striker Thierry Henry during a training session.,183,sports
sports,"This is nice, but Cards not yet done: LOS ANGELES -- This is not the ultimate goal, that much is clear. The Cardinals have a much higher aspiration than winning one postseason series.",184,sports
world,"Move to license S African healers: A bill to regulate South Africa's 200,000 traditional healers is to be debated in parliament.",185,world
business,Tribune #39;s Hoy cutting its staff by 20 percent: CHICAGO -- Spanish-language daily Hoy -- owned by the Tribune Co. -- said on Thursday it is reducing its staff by 20 percent across the company.,186,business
science_technology,Microsoft Eyes Video for Business IM (PC World): PC World - Software giant teams with Polycom to boost sales of Live Communications Server.,187,science_technology
business,"Kmart Delivers, Bad News for Bears: When will the bears admit that Kmart (KMRT:Nasdaq - commentary - research) is for real? When will they say,  quot;You know, the people who used to run Kmart were idiots and things are now better quot;?",188,business
world,New York bans rally against Bush: New York bans a huge rally against President Bush before the Republican Convention on environmental grounds.,189,world
science_technology,"Tiny telescope spots giant planet: A tiny telescope has spotted a giant planet circling a faraway star, using a technique that could open a new phase of planetary discovery, according to scientists.",190,science_technology
business,ING to Withdraw \$5 Bln from Janus Funds:  NEW YORK (Reuters) - ING U.S. Financial Services said late  on Tuesday it will withdraw about \$5 billion from Janus Capital  Group Inc. funds by year-end.,191,business
sports,"Michael Phelps Seeks Fourth Swimming Gold Medal at Athens Games: Aug. 19 (Bloomberg) -- Swimmer Michael Phelps seeks his fourth gold medal of the Athens Olympics in tonight #39;s 200-meter individual medley, while female gymnasts compete for the all- around title. ",192,sports
world,"Iran Calls on World to Recognize Its Atomic Rights:  TEHRAN (Reuters) - The world must recognize Iran's right to  enrich uranium for fueling power stations, Iranian President  Mohammad Khatami said on Wednesday, responding to a U.N. call  for Iran to suspend enrichment-related activities.",193,world
world,"Flash floods force big rescue operation in tourist area of England (Canadian Press): Canadian Press - LONDON (AP) - Heavy rain caused flash floods in seaside communities in southwestern England on Monday, and dozens of people were rescued from cars, trees and rooftops by emergency helicopters and lifeboats, officials said.",194,world
world,"Japan, US Sign Missile Defense Pact: Japan and the United States have signed an agreement to encourage cooperation on developing a missile defense system. Japanese Defense Minister Yoshinori Ono signed a memorandum of understanding ",195,world
world,"Man Sentenced to Life for N.Irish Finucane Murder:  BELFAST (Reuters) - A Belfast court sentenced a former  Protestant guerrilla to life imprisonment on Thursday for the  murder of Catholic lawyer Pat Finucane, one of the most  controversial killings in 30 years of sectarian conflict in  Northern Ireland.",196,world
business,"Defence talks add to French rift with Germany: France and Germany are set for a new clash on industrial policy this week over a possible defence deal which would involve 23,000 jobs in the UK.",197,world
sports,Just in time the Cubs put it all together in win over Reds: A message on a dry-erase board greeted the Cubs in their clubhouse Monday and explained how they should approach the final days of the regular season.,198,sports
world,"U.S. Women Will Play for Gold After Upsetting Germany in Overtime: The U.S. team will face either Brazil or Sweden, for the Olympic title Thursday in Athens after beating Germany 2-1.",199,sports
world,"4 killed, 22 injured in Kashmir attack: A suicide car bomber rammed into an army convoy in Indian-controlled Kashmir on Saturday, triggering an explosion that left four people dead and 22 wounded, the army said.",200,world
science_technology,"Sun #39;s UltraSPARC IV is go: SUN ANNOUNCED THE UltraSPARC IV this morning, most probably the last of its line. Sun will be taking a new direction from this point on, with the new Fujitsu co-developed chips being a definite step sideways ",201,science_technology
world,'Artificial life' comes step closer: Researchers at Rockefeller University make small synthetic vesicles that resemble a crude kind of biological cell.,202,science_technology
science_technology,"SPACE PROGRAM NASA #39;s Shuttle Hanger Badly Damaged by Storm: The gigantic hangar where the space shuttle is prepared for its missions sustained much more damage from Hurricane Frances than initially believed, NASA officials said Tuesday.",203,science_technology
science_technology,"P2P Tilts Toward Legitimacy: A peer-to-peer company signs a deal with three major record labels to provide content on its Peer Impact service, but it might not offer much for music fans. By Katie Dean.",204,science_technology
science_technology,FlexWiki: Microsoft's Third Open Software Project (Ziff Davis): Ziff Davis - Could problems with Microsoft's GotDotNet Workspaces be prompting Microsoft to release more code to SourceForge?,205,science_technology
business,"AT amp;T to Cut 7,400 More Jobs, Take \$11.4 Bln Writedown (Update3): AT amp;T Corp. said it will cut 7,400 more jobs this year and write down \$11.4 billion of assets as the phone company retreats from the residential business it once dominated.",206,business
world,"Israel Pulls Back Forces in Northern Gaza:  JABALYA, Gaza Strip (Reuters) - Israel pulled most of its  forces out of the northern Gaza Strip Saturday after a four-day  incursion it said was staged to halt Palestinian rocket attacks  on southern Israeli towns.",207,world
world,Iraqi Interim Government Declares Martial Law: Iraq #39;s interim government declared a state of emergency for 60 days on Sunday to quell violence gripping the country ahead of January elections.,208,world
business,"UPDATE 2-Circuit City same-store growth misses estimates: Circuit City Stores Inc. (CC.N: Quote, Profile, Research) on Tuesday reported a 2.9 percent gain in quarterly same-store sales but its growth lagged estimates due to a calendar shift and reduced spending through August.",209,business
science_technology,"Worldwide Technology Consumers To Lose in DVD Standards War: Blu-ray and HD DVD -- will be costly to everyone concerned, analysts say. The availability of two rival formats will raise prices and confuse consumers.",210,science_technology
sports,"Pawar keeps options open on eve of BCCI polls: Kolkata: Keeping his options open amidst intense lobbying for the president #39;s post of the cricket board, Sharad Pawar on Tuesday said that he would take the plunge only if he was sure of victory.",211,sports
science_technology,"Chip maker plans capacity hike amid slowdown fear: SHANGHAI: Semiconductor Ma-nufacturing International Corp., Chinas top chip maker, said it aims to hike capacity by about half by the end of 2005 to feed an anticipated sales leap in a \$30 billion market.",212,science_technology
science_technology,"Mforma makes Marvel-ous deal: Rather than tell you, Dan Kranzler chooses instead to show you how he turned Mforma into a worldwide publisher of video games, ringtones and other hot downloads for mobile phones.",213,science_technology
sports,"Marino, Young, Irvin head NFL Hall of Fame first-timers: Quarterbacks Dan Marino and Steve Young and wide receiver Michael Irvin are among nine first-time nominees for the Pro Football Hall of Fame.",214,sports
world,China Cordons Off Central Villages Following Ethnic Clashes: Chinese troops have cordoned off villages in central China following fighting between ethnic groups that killed at least seven people.,215,world
sports,Sore Foot Sidelines Grizzlies' Williams (AP): AP - Memphis Grizzlies point guard Jason Williams did not play against the Orlando Magic on Saturday night because of a sore right foot.,216,sports
science_technology,"Arctic Ice Cap Warming Rate Accelerates: A study conducted by the Arctic Council which consists of about 300 internationals researches, have stated that the ice cap is warming at twice the global rate.",217,science_technology
business,"President Of Delta #39;s Song Retires: John Selvaggio, the president of Delta Air Lines #39; low-cost carrier, Song, has retired, effective immediately, for personal reasons, a Delta spokeswoman said on Friday.",218,business
world,Bin Laden tells followers to hit West #39;s oil supplies: Dubai: Osama bin Laden on Thursday called on his fighters to strike Gulf oil supplies and warned Saudi leaders they risked a popular uprising in an audio message said to be by the Western world #39;s most wanted terror mastermind.,219,world
business,Calif. judge cuts Microsoft legal fees: This fourth priority #39;s main focus has been improving or obtaining CRM and ERP software for the past year and a half. A San Francisco judge ordered Microsoft to pay lawyers involved in its \$1.,220,science_technology
science_technology,"Massive Merger of Galaxies is the Most Powerful on Record: Scientists have now officially witnessed the perfect cosmic storm. Thanks to the European Space Agency #39;s XMM-Newton observatory, they watched a nearby head-on collision between two galaxy clusters.",221,science_technology
world,Israel army pulls back from Jenin: Israeli forces withdraw from the West Bank town of Jenin and its refugee camp after two weeks of  operations.,222,world
sports,Formula One gets sweeping technical changes: Formula One #39;s governing body imposed sweeping technical changes Friday designed to slash costs and improve the qualify of racing starting next year.,223,sports
world,"Health of Arafat said to deteriorate: The health of Palestinian leader Yasser Arafat deteriorated yesterday, and Palestinian doctors were rushed to his Ramallah compound in the ",224,world
business,"The Perfect Business: To determine how good a company is, it helps to consider the characteristics of the perfect business.",225,business
sports,"NBA ROUNDUP Yao Leads Early All-Star Voting: By The Associated Press. Shaquille O #39;Neal, who was traded from the Los Angeles Lakers to the Miami Heat in the off-season, leads the Eastern Conference in early voting for the All-Star Game, and Yao Ming is No.",226,sports
sports,"Forsyth takes over at Valderrama: VALDERRAMA, Spain (Ticker) - Alastair Forsyth may be 120 places lower in the world rankings, but the Scot clearly won his duel Saturday with local favorite Sergio Garcia at the Volvo Masters.",227,sports
sports,"Broncos lose DL Elliss for season: ENGLEWOOD, Colorado (Ticker) - Denver Broncos defensive tackle Luther Elliss has a herniated disc and will miss the rest of the season, coach Mike Shanahan announced on Friday.",228,sports
business,"Raising \$22 million the Diligent way: Startup Diligent Technologies has raised \$22 million in new equity. The financing round was led by US venture capital fund Matrix partners, which made its first investment in Israel, and Accel Partners.",229,business
sports,"Finley shelved by ankle: Dallas Mavericks guard Michael Finley was placed on the injured list yesterday with a sprained right ankle, and team officials believe the two-time All-Star will need at least two weeks before returning. Finley, who was injured in the third quarter of Tuesday night's loss at Orlando, must sit out at least five games. Finley averaged 17 points in Dallas's first ...",230,sports
world,Chile Wins Trade Sanctions Against U.S.: &lt;p&gt;&lt;/p&gt;&lt;p&gt; GENEVA (Reuters) - Chile on Friday became the eighth memberof the World Trade Organization (WTO) to win the right to hitthe United States with sanctions over an illegal anti-dumpinglaw known as the Byrd amendment.&lt;/p&gt;,231,business
science_technology,"AT amp;T reaches out to data-driven profits: With its new Ogo mobile device, AT amp;T Wireless says goodbye to voice traffic and embraces the IM-savvy youth market. For AT amp;T Wireless, talk clearly is overrated - which is why the wireless provider launched a device that doesnt make calls.",232,science_technology
science_technology,"Team Wants to Clone Human Embryos: Harvard scientists ask the school's ethics board to allow production of embryonic stem cells. If approved, the controversial procedure would boost research that could lead to cures for many diseases.",233,science_technology
sports,"Montana pulls rank: Colorado transfer Craig Ochs passed for 217 yards and three touchdowns yesterday to lead Montana to a 27-20 victory over Maine in the opener for both teams in Missoula, Mont.",234,sports
science_technology,"Sony hones its TV efforts: One example: A remote control that looks like a flip phone. Also, can Triluminos improve your picture?",235,science_technology
business,"IMF's Rato Sees World GDP 4.6 Percent:  MADRID (Reuters) - IMF Managing Director Rodrigo Rato sees  world economic growth of ""around 4.6 percent"" in 2004 and 2005,  according to an interview published in a Spanish newspaper  interview on Friday.",236,business
sports,"Kiwis ruffle Aussie feathers?: They may be relatively small and endearing to the rest of the world, but the Kiwis have an amazing ability to irritate Australians.",237,world
business,Dollar Retreats Vs Yen: The dollar pared earlier gains versus the yen on Monday as traders took profits following the US currency #39;s advance last week on positive jobs news that raised prospects for an interest rate rise later this month.,238,business
world,"Acquittal of Iran nuclear programme qualified: The United Nations (UN) has said on Monday that, as far as it knows, Iran had not diverted any nuclear materials to a weapons programme - a verdict diplomats said undermined the ",239,world
world,"British hostage reportedly still alive in Iraq: The waiting and wondering continued Sunday about the fate of British hostage, Kenneth Bigley, although one Muslim activist says he is still alive.",240,world
sports,"KC's Green Questionable for Sunday:  KANSAS CITY, Mo., (Sports Network) - Kansas City Chiefs  quarterback Trent Green is listed as questionable for Sunday's  game against the Oakland Raiders with bruises to his ribs and  hip.",241,sports
world,"US marines find Syrian driver kidnapped with French reporters in Iraq (AFP): AFP - US marines have found alive in the restive Iraqi city of Fallujah the Syrian driver who was taken hostage with two French journalists almost three months ago, a military spokeswoman said.",242,world
science_technology,"Convention Boasts Miles of Technology: The Republican National Convention has more than 40,000 miles of cabling to operate high speed computer systems, telephone lines and live television broadcasts.",243,science_technology
business,Crude Futures Trade Above \$49 After Norwegian Supply Snag: Crude oil futures rose to within a quarter of \$50 a barrel Monday after a gas leak shut down a North Sea oil production platform and as traders weighed concerns about heating oil supplies against the fact that temperatures have been mild in recent weeks.,244,business
sports,"Durham provides Dark Blues masterclass: Oxford, the pre-match favourites, reclaimed the MMC Trophy in one of the better Varsity matches for some time here yesterday. But this, the 123rd staging of the annual amateur ",245,sports
science_technology,"Home Theater Maker Kaleidescape Hit with Copyright Suit: Gartner #39;s research indicates that US consumers have certain expectations as to what fair use really is.  quot;When we #39;ve surveyed teens and adults, we #39;ve found that at least 60 percent of both groups ",246,science_technology
world,Romanian Ruling Party's Hold on Power Dented (Reuters): Reuters - Romania's ruling Social Democrats\(PSD) face a struggle to cobble together a majority coalition\to push through reforms for EU entry after their hold on power\was dented in general elections.,247,world
business,"Retail Sales Increase, Autos Lose Luster: Consumers lost a little of their enthusiasm for auto purchases last month but spent like mad in a number of other areas including clothing and gasoline, the Commerce Department reported Friday.",248,business
business,Krispy Kreme #39;s hot streak cools: The niche doughnuts that rose quickly in popularity are feeling the weight of the low-carb craze and mass marketing. By Deb Kollars and Edie Lau -- Bee Staff Writers.,249,business
business,Calpers battle on corporate governance may only just be &lt;b&gt;...&lt;/b&gt;: The ousting of fund president Sean Harrigan from Americas largest pension fund has been viewed by many as the first Republican victory in a battle to undermine the influence of pension funds like Calpers on corporate governance issues.,250,business
business,Dlr Regains Poise After ZEW Slump:  LONDON (Reuters) - News German investor confidence had  plunged to its lowest level in almost 2 years gave the dollar  much needed support on Tuesday and European shares eased from  6-month highs after a mixed bag of earnings results.,251,business
business,"Crude Oil, Natural Gas Rise as Ivan Disrupts US Gulf Output: Crude oil rose and natural gas soared in New York as the approach of Hurricane Ivan disrupted production and tanker shipments in the Gulf of Mexico, where a quarter of US oil and natural gas is pumped.",252,business
science_technology,"Netgear, Vonage gear up for VoIP: The companies team up to develop broadband telephony products due in time for the holidays, sources familiar with deal say.",253,science_technology
sports,South Africa in strong position Kanpur Test: KANPUR: Andrew Halls unbeaten knock of 78 helped South Africa make a fine start in their two-Test series against India at the Green Park Stadium here on Saturday.,254,sports
business,"Kraft Foods  quot;market perform, quot; estimates reduced: NEW YORK, November 16 (newratings.com) - Analysts at Wachovia Securities maintain their  quot;market perform quot; rating on Kraft Foods (KFT.",255,business
business,"FCC okays powerline Internet access: The Federal Communications Commission has approved rules which it claims will encourage development of broadband access over power lines, a new technology that provides access to high speed broadband services using the nation #39;s power grid instead of phone ",256,science_technology
sports,"All signs point to victory: PRESIDENTIAL PREDICTIONS: We were an idiot on Sunday, believing, suddenly, in the power of nonsense as the Washington Redskins mounted a horrifying drive to beat the Green Bay Packers.",257,sports
sports,US ends its final drought: The US swept into the Davis Cup final for the first time in seven years when Bob and Mike Bryan crushed Max Mirnyi and Vladimir Voltchkov of Belarus to give the host an unassailable 3-0 lead in the semi-final.,258,sports
business,Update 2: Swedish Exchange Halts Gambro Trading: Trading in shares of Swedish health care company Gambro AB were halted Monday by the Stockholm Stock Exchange following a report that the US dialysis company DaVita Inc.,259,business
sports,"Graves activated; Padilla claimed off waivers: Graves, a right-hander, was out with back spasms. He leads the Reds with 37 saves. Matthews, a left-hander, had surgery in July to remove bone chips in his elbow.",260,sports
business,"Eagle soars above others: It was a rough September for many retailers battered by hurricanes on one side and rising fuel prices on the other, but American Eagle Outfitters Inc.",261,business
world,"Five Blasts Reported in Spain After ETA Threats (Reuters): Reuters - Five explosions were reported in\different parts of Spain Monday after the Basque separatist\group ETA threatened to set off a total of seven bombs, Spanish\media reported.",262,world
sports,Hewitt through to semis: Top seed Lleyton Hewitt will take on Jiri Novak in the semi-finals of the Japan Open after sealing a 7-5 6-1 victory over Cyril Saulnier.,263,sports
sports,"Arsenal face key revival test: Can two wins reverse a slide? Arsenal have scored eight times in winning their past two games, but those goals could be as confetti on the breeze if they slip up against Chelsea at Highbury on Saturday.",264,sports
sports,"South Korea has a sole golden goal: Whatever decision the Court of Arbitration for Sport makes in the Paul Hamm case, it won't involve a duplicate gold medal for rival Yang Tae Young. The South Koreans, who claim Yang would have won the Olympic gymnastics all-around had it not been for a scoring error, want their man declared the sole champion.",265,sports
world,"What is Arafat #39;s legacy?: Amin Saikal, the director of the Centre for Arab and Islamic Studies at the Australian National University, talks to ABC News Online #39;s Nadia Farha about Yasser Arafat #39;s ",266,world
world,"Despite smiles, Bush #39;s visit to Canada chilly: OTTAWA - On his first official visit to Canada, President Bush on Tuesday faced a frosty public critical of many of his policies, most notably the war in Iraq, and his meeting with Prime Minister Paul Martin yielded little progress on trade issues that ",267,world
sports,"Tennis: Safin Advances to China Open Finals: Former US Open champion Marat Safin of Russia has advanced to the finals of the China Open tennis tournament in Beijing after scoring a straight-set win over Finland #39;s Jarkko Nieminen 6-2, 6-4.",268,sports
world,"Blasts Rock Indian Northeast in Escalating Violence (Reuters): Reuters - Two bombs went off in India's\northeastern state of Assam Sunday, killing three people and\wounding 15 in escalating violence in the turbulent region,\blamed on separatist guerrillas.",269,world
business,"Writing on the  #39;wall #39;: n Last edition of the Far Eastern Economic Review is shown on the streets of Hong Kong. The weekly news magazine is to fold in its current form with the loss of 80 jobs, the magazine #39;s publisher Dow Jones said yesterday.",270,business
sports,Rice shatters NFL yardage record: CBC SPORTS ONLINE - Seattle Seahawks wide receiver Jerry Rice became the most prolific offensive player in NFL history on Monday night.,271,sports
sports,"Browns Coach Butch Davis Resigns After Fifth Straight Loss: Butch Davis resigned as coach of the Cleveland Browns after a five-game losing streak dropped the team into last place. Davis, 53, compiled a 24-36 record in almost four seasons with the Browns.",272,sports
science_technology,"Hitachi, Matsushita, Toshiba to jointly make large LCD panels: Japanese hi-tech giants Hitachi, Matsushita and Toshiba said Tuesday they will jointly produce large liquid crystal display (LCD) panels to help them compete more effectively in the lucrative flat-screen television market.",273,science_technology
science_technology,"4 execs to plead guilty: Four executives at Infineon Technologies AG, one of the world #39;s largest makers of memory chips, have agreed to plead guilty to criminal charges of price fixing in federal court, authorities said Thursday.",274,science_technology
world,"SUMMIT ON IVORY COAST CRISIS: November 15, 2004 -- ABUJA, Nigeria - West African leaders held a crisis summit yesterday over unrest in Ivory Coast, as the beleaguered country #39;s president took a tough stance, sacking his army chief and installing a more hard-line officer in his place ",275,world
world,"VIEW: Europes new dawn Jan Peter Balkenende: The Constitutional Treaty firmly enshrines fundamental rights in law and makes the EU more democratic, more transparent, and more effective.",276,world
world,"Taiwan's Leader Urges China to Begin Talks: TAIPEI, Taiwan - Taiwan's leader used his National Day speech Sunday to urge China to begin peace talks so the two rivals can avoid war. Chinese and Taiwanese leaders haven't met since the Communists took over China in 1949 and Taiwan began resisting the mainland's rule...",277,world
business,Target getting bum rap for ending  #39;ringer #39; favoritism: Target Corp. is being treated as the Grinch who stole Christmas because it bent its rules to play Santa Claus for Salvation Army bell-ringers for years -- to the tune of about \$9 million a year.,278,business
science_technology,"Adobe and Yahoo! partner to create PDF documents online: Adobe, the company behind the ubiquitous Acrobat PDF reader and Yahoo! have teamed up to promote each other #39;s products. Adobe has agreed to add Yahoo!",279,science_technology
science_technology,Remixing to Protest Sample Ruling: Music fans are miffed about a court decision that says musicians must get permission to sample tunes even if the remix bears no resemblance to the original. An activist group is sponsoring a remix project based upon the clip in question. By Katie Dean.,280,science_technology
world,Blair confined to quarters after bomb discovery: Italian newspapers claimed yesterday that the Blair family had been confined to their luxury Tuscan quarters following the discovery of a time bomb in a Sardinian resort close to the villa where Silvio Berlusconi regaled Tony and Cherie Blair with ...,281,world
world,"Several dead at Ivory Coast demo: Several people have died after shooting at an anti-French protest in Ivory Coast #39;s commercial capital, Abidjan. Several witnesses told the BBC that French peacekeepers opened fire on a crowd of tens of thousands supporters of Ivorian government.",282,world
world,"'Killers' guarding Sudan refugees: Arab militias responsible for atrocities in Sudan's Darfur region now guard camps for the displaced, refugees say.",283,world
business,"Royal  amp; Sun Alliance to move 1200 jobs to India: Royal  amp; Sun Alliance (RSA) has become the latest company to move jobs to India. The insurance company has announced its plans to move 1,200 jobs to Bangalore during the next two years.",284,business
science_technology,Microsoft offers SP2 compatibility guide: Microsoft has launched a do-it-yourself kit to help IT professionals assess their software #39;s compatibility with Windows XP Service Pack 2. Fears among system administrators and IT managers that XP SP2 may ,285,science_technology
science_technology,"Carl Reiner: Comedy as a Life #39;s Work: Description: Actor Carl Reiner found his life #39;s calling in the third grade, making his classmates laugh by walking on his hands. The actor, comedian and director joins NPR #39;s Neal Conan and takes calls. ",286,science_technology
sports,"The Rundown: Recall this little score from last season: Sooners 77, Aggies 0. Think folks in College Station remember that? This could have been the most important game in the Big 12 #39;s season, but Texas A amp;M slipped up ",287,sports
science_technology,"Touches of Weird, Done Best in Japan: NO one does weird quite as well as Japanese game designers and animators. In this spirit, three new video games bring the bizarre home.",288,science_technology
world,"Greece gets onto Security Council: For only the second time in its history, Greece has been awarded a non-permanent seat in the UN Security Council after a vote in New York yesterday.",289,world
business,"Marvel 3Q Profit Falls but Sales Surge: Toy company Marvel Enterprises Inc. on Thursday blamed a sharp drop in third-quarter profit on a tax swing in the period, but the company still beat Wall Street expectations as sales and license fees soared from sales of Spider-Man merchandise.",290,business
business,"Gasoline Price Up, Diesel Hits Record (Reuters): Reuters - Rising crude oil costs are taking a\toll on U.S. consumers, as the national price for gasoline\jumped 5.1 cents a gallon over the last week and diesel fuel\hit a record high, the government said on Monday.",291,business
world,"Revealing Hospital Gowns Redesigned: PORTLAND, Maine - Whether its blue or spotted or stripped, the standard issue hospital gown is drafty and revealing. It's embarrassing for just about anyone who's spent a night in a medical center...",292,world
science_technology,"Microsoft issues one fix in monthly security update: In sharp contrast to last month #39;s barrage of critical patches, Microsoft has offered up just one  quot;important quot; fix for users to implement in its scheduled round of security updates for November.",293,science_technology
science_technology,"IntelSat Regains Control Of Key Satellite: Intelsat Ltd. has regained communications with a satellite that it lost track of last weekend, but engineers do not know if they will be able to fully restore service. &lt;FONT face=""verdana,MS Sans Serif,arial,helvetica"" size=""-2"" color=""#666666""&gt;&lt;B&gt;-The Washington Post&lt;/b&gt;&lt;/font&gt;",294,science_technology
sports,"Yankees double their fun: Alex Rodriguez and Hideki Matsui each hit two-run doubles, and Jon Lieber struck out a season-high nine to lead the Yankees past the Tampa Bay Devil Rays, 11-2, last night in New York.",295,sports
world,"Deadliest attacks in Iraq insurgency: BAGHDAD, Sept 30 (AFP) - At least 41 people were killed, most of them children, and scores wounded after three car bombs exploded in western Baghdad on Thursday, the latest in a string of bloody bombings in Iraq.",296,world
world,"Nigerian unions threaten to resume strike over fuel price hike on &lt;b&gt;...&lt;/b&gt;: Nigerian workers will go on strike protesting recent 25 percent increase of petroleum products from Nov. 16, a leading trade unionist said here Sunday.",297,world
business,"Visteon offers as much as year #39;s pay in buyout: Visteon Corp., the second-biggest US maker of auto parts, is offering buyouts of as much as a year #39;s pay to US salaried workers to help cut costs.",298,business
business,"Profits Are Up 24 at Disney and So, It Says, Is Teamwork: Buoyed by the strong performance of ESPN and its other cable channels, the Walt Disney Company said that its profit rose 24 percent in the fourth quarter.",299,business
